{
    "bottom_shell_thickness": "0.6",
    "bottom_surface_pattern": "monotonicline",
    "bridge_flow": "1",
    "bridge_speed": "60",
    "brim_object_gap": "0",
    "brim_type": "outer_only",
    "default_acceleration": "20000",
    "detect_thin_wall": "1",
    "from": "User",
    "gap_infill_speed": "250",
    "gcode_label_objects": "0",
    "infill_anchor": "600%",
    "infill_anchor_max": "50",
    "infill_wall_overlap": "15%",
    "inherits": "0.28mm Extra Draft @TwoTrees",
    "initial_layer_acceleration": "1000",
    "initial_layer_infill_speed": "105",
    "initial_layer_line_width": "0.45",
    "initial_layer_print_height": "0.28",
    "initial_layer_speed": "60",
    "inner_wall_acceleration": "6000",
    "inner_wall_speed": "270",
    "internal_bridge_speed": "100%",
    "internal_solid_infill_speed": "250",
    "is_custom_defined": "0",
    "layer_height": "0.2",
    "line_width": "0.42",
    "name": "0.20mm Standard @SK1",
    "outer_wall_acceleration": "5000",
    "outer_wall_line_width": "0.42",
    "outer_wall_speed": "200",
    "print_settings_id": "0.20mm Standard @SK1",
    "reduce_crossing_wall": "0",
    "reduce_infill_retraction": "0",
    "resolution": "0",
    "seam_gap": "15%",
    "skirt_distance": "6",
    "skirt_loops": "2",
    "skirt_speed": "60",
    "slow_down_layers": "2",
    "small_perimeter_speed": "100%",
    "sparse_infill_line_width": "0.42",
    "sparse_infill_speed": "300",
    "support_line_width": "0.35",
    "support_speed": "100",
    "thick_bridges": "1",
    "top_shell_layers": "3",
    "top_shell_thickness": "0.6",
    "top_surface_acceleration": "2000",
    "top_surface_line_width": "0.42",
    "top_surface_speed": "200",
    "travel_acceleration": "20000",
    "travel_speed": "500",
    "version": "1.9.0.2",
    "wall_loops": "2"
}
