{
    "before_layer_change_gcode": "{if layer_num > 3 && layer_num < 5 && filament_type[current_extruder] == \"PLA\"}side_fan_on\n{endif}",
    "extruder_clearance_height_to_lid": "260",
    "extruder_clearance_height_to_rod": "60",
    "extruder_clearance_radius": "50",
    "from": "User",
    "inherits": "MyKlipper 0.4 nozzle",
    "is_custom_defined": "0",
    "machine_end_gcode": "M104 S0 ; turn off temperature\nM140 S0 ; turn off heatbed\n\nG92 E0.0 ; reset extruder distance position；\nG1 E-1 F2100 ; retract\n\nG0 X50 Y250 F12000;\nM84 ; disable motors\n\nM107 ; turn off fan\n\nSET_VELOCITY_LIMIT ACCEL_TO_DECEL=4000\nend_print",
    "machine_max_acceleration_extruding": [
        "10000",
        "20000"
    ],
    "machine_max_acceleration_retracting": [
        "15000",
        "5000"
    ],
    "machine_max_acceleration_z": [
        "100",
        "200"
    ],
    "machine_max_jerk_e": [
        "1",
        "2.5"
    ],
    "machine_max_jerk_x": [
        "5",
        "9"
    ],
    "machine_max_jerk_y": [
        "5",
        "9"
    ],
    "machine_max_speed_e": [
        "50",
        "25"
    ],
    "machine_max_speed_x": [
        "600",
        "200"
    ],
    "machine_max_speed_y": [
        "600",
        "200"
    ],
    "machine_max_speed_z": [
        "15",
        "12"
    ],
    "machine_start_gcode": "start_print\nM107 ; Turn off the fan\nG21  ; set units to millimeters\nG90  ; use absolute coordinates\nM83  ; use relative distances for extrusion\n\nM104 S220     ; set extruder temp\nM140 S60  ; set bed temp\nM109 S220      ; wait for extruder temp\nM190 S60  ; wait for bed temp\nG1 E-1.5 F2100 ; retract\n\n;G32  ;Load bed mesh\nG28   ;home\n;G29   ;bed leveling\n\nM104 S[first_layer_temperature]      ; set extruder temp\nM140 S[first_layer_bed_temperature]  ; set bed temp\nM109 S[first_layer_temperature]      ; wait for extruder temp\nM190 S[first_layer_bed_temperature]  ; wait for bed temp\n\nG0 Z2.0 F600;\nG0 X50 Y10 F12000;\n\nG92 E0.0 ; reset extruder distance position；\nG0 Z0.4 F600;\nG1 X100.0 E10 F3000.0 ; intro line\nG92 E0.0 ; reset extruder distance position；\nG1 X200.0 E15 F3000.0 ; intro line\nG92 E0.0 ; reset extruder distance position；\nG0 Z0.8 F600;\nG1 X100.0 E15 F3000.0 ; intro line\n\nG1 Z0.4 F600     ;Wipe\nG0 Y12 F6000    ;Wipe\nG1 X100 F6000    ;Wipe\nG0 Y8 F12000   ;Wipe\nG1 X200 F6000    ;Wipe\nG1 X190 Y12 F6000 ;Wipe\nG1 X180 Y8 F6000 ;Wipe\nG1 X170 Y12 F6000 ;Wipe\nG1 X160 Y8 F6000 ;Wipe\nG1 X150 Y12 F6000 ;Wipe\n\n\n;G0 Z2.0 F600;\nG92 E0.0 ; reset extruder distance position；\n\n;SET_PRESSURE_ADVANCE ADVANCE=0.05\n;SET_VELOCITY_LIMIT ACCEL_TO_DECEL=10000",
    "max_layer_height": [
        "0.28"
    ],
    "name": "SK1 Klipper 0.4 nozzle",
    "printable_area": [
        "0x0",
        "256x0",
        "256x256",
        "0x256"
    ],
    "printable_height": "256",
    "printer_settings_id": "SK1 Klipper 0.4 nozzle",
    "retraction_length": [
        "2"
    ],
    "retraction_speed": [
        "60"
    ],
    "thumbnails": [
        "98x98",
        "115x115"
    ],
    "version": "1.9.0.2",
    "z_hop": [
        "0"
    ]
}
