{
    "adaptive_bed_mesh_margin": "0",
    "auxiliary_fan": "0",
    "bbl_use_printhost": "0",
    "bed_custom_model": "",
    "bed_custom_texture": "",
    "bed_exclude_area": [
        "0x0"
    ],
    "bed_mesh_max": "99999,99999",
    "bed_mesh_min": "-99999,-99999",
    "bed_mesh_probe_distance": "50,50",
    "before_layer_change_gcode": "TIMELAPSE_TAKE_FRAME\n{if layer_num > 3 && layer_num < 5 && filament_type[current_extruder] == \"PLA\"}side_fan_on\n{endif}",
    "best_object_pos": "0.5,0.5",
    "change_extrusion_role_gcode": "",
    "change_filament_gcode": "",
    "cooling_tube_length": "5",
    "cooling_tube_retraction": "91.5",
    "default_filament_profile": [
        "My Generic ABS"
    ],
    "default_print_profile": "0.20mm Standard @MyKlipper",
    "deretraction_speed": [
        "30"
    ],
    "disable_m73": "0",
    "emit_machine_limits_to_gcode": "1",
    "enable_filament_ramming": "1",
    "enable_long_retraction_when_cut": "0",
    "extra_loading_move": "-2",
    "extruder_clearance_height_to_lid": "260",
    "extruder_clearance_height_to_rod": "60",
    "extruder_clearance_radius": "50",
    "extruder_colour": [
        "#FCE94F"
    ],
    "extruder_offset": [
        "0x0"
    ],
    "fan_kickstart": "0",
    "fan_speedup_overhangs": "1",
    "fan_speedup_time": "0",
    "from": "User",
    "gcode_flavor": "klipper",
    "head_wrap_detect_zone": [],
    "high_current_on_filament_swap": "0",
    "host_type": "octoprint",
    "inherits": "MyKlipper 0.4 nozzle",
    "is_custom_defined": "0",
    "layer_change_gcode": ";AFTER_LAYER_CHANGE\n;[layer_z]",
    "long_retractions_when_cut": [
        "0"
    ],
    "machine_end_gcode": "M104 S0 ; turn off temperature\nM140 S0 ; turn off heatbed\n\nG92 E0.0     ; reset extruder distance position；\nG1 E-1 F2100 ; retract\n\nG0 X50 Y250 F12000;\n\nM400 ; wait all motion done\n{if (max_layer_z + 100.0) < 250}\n    G1 Z{max_layer_z + 100.0} F600\n    G1 Z{max_layer_z +98.0}\n{else}\n    G1 Z255 F600\n{endif}\n\nM84    ; disable motors\n\nM107   ; turn off fan\n\nSET_VELOCITY_LIMIT ACCEL_TO_DECEL=4000\nend_print",
    "machine_load_filament_time": "0",
    "machine_max_acceleration_e": [
        "5000",
        "5000"
    ],
    "machine_max_acceleration_extruding": [
        "10000",
        "20000"
    ],
    "machine_max_acceleration_retracting": [
        "15000",
        "5000"
    ],
    "machine_max_acceleration_travel": [
        "20000",
        "20000"
    ],
    "machine_max_acceleration_x": [
        "20000",
        "20000"
    ],
    "machine_max_acceleration_y": [
        "20000",
        "20000"
    ],
    "machine_max_acceleration_z": [
        "100",
        "200"
    ],
    "machine_max_jerk_e": [
        "1",
        "2.5"
    ],
    "machine_max_jerk_x": [
        "5",
        "9"
    ],
    "machine_max_jerk_y": [
        "5",
        "9"
    ],
    "machine_max_jerk_z": [
        "0.2",
        "0.4"
    ],
    "machine_max_speed_e": [
        "50",
        "25"
    ],
    "machine_max_speed_x": [
        "600",
        "200"
    ],
    "machine_max_speed_y": [
        "600",
        "200"
    ],
    "machine_max_speed_z": [
        "15",
        "12"
    ],
    "machine_min_extruding_rate": [
        "0",
        "0"
    ],
    "machine_min_travel_rate": [
        "0",
        "0"
    ],
    "machine_pause_gcode": "PAUSE",
    "machine_start_gcode": "start_print\nG21  ; set units to millimeters\nG90  ; use absolute coordinates\nM83  ; use relative distances for extrusion\n\nM104 S140                            ; set extruder temp\nM140 S60                             ; set bed temp\nM109 S140                            ; wait for extruder temp\nM190 S60                             ; wait for bed temp\n\n;G32  ;Load bed mesh\nG28   ;home\n;G29   ;bed leveling\nM107 ; Turn off the fan\n\nM104 S[first_layer_temperature]      ; set extruder temp\nM140 S[first_layer_bed_temperature]  ; set bed temp\nM109 S[first_layer_temperature]      ; wait for extruder temp\nM190 S[first_layer_bed_temperature]  ; wait for bed temp\n\nG0 Z2.0 F600;\nG0 X50 Y10 F12000;\n\nG92 E0.0 ; reset extruder distance position；\nG0 Z0.4 F600;\nG1 X100.0 E10 F3000.0 ; intro line\nG92 E0.0 ; reset extruder distance position；\nG1 X200.0 E15 F3000.0 ; intro line\nG92 E0.0 ; reset extruder distance position；\nG0 Z0.8 F600;\nG1 X100.0 E15 F3000.0 ; intro line\n\nG1 Z0.4 F600     ;Wipe\nG0 Y12 F6000    ;Wipe\nG1 X100 F6000    ;Wipe\nG0 Y8 F12000   ;Wipe\nG1 X200 F6000    ;Wipe\nG1 X190 Y12 F6000 ;Wipe\nG1 X180 Y8 F6000 ;Wipe\nG1 X170 Y12 F6000 ;Wipe\nG1 X160 Y8 F6000 ;Wipe\nG1 X150 Y12 F6000 ;Wipe\n\n\n;G0 Z2.0 F600;\nG92 E0.0 ; reset extruder distance position；\n\n;SET_PRESSURE_ADVANCE ADVANCE=0.05\n;SET_VELOCITY_LIMIT ACCEL_TO_DECEL=10000",
    "machine_unload_filament_time": "0",
    "manual_filament_change": "0",
    "max_layer_height": [
        "0.28"
    ],
    "min_layer_height": [
        "0.08"
    ],
    "name": "SK1 Klipper 0.4 nozzle",
    "nozzle_diameter": [
        "0.4"
    ],
    "nozzle_height": "4",
    "nozzle_hrc": "0",
    "nozzle_type": "undefine",
    "nozzle_volume": "0",
    "parking_pos_retraction": "92",
    "preferred_orientation": "0",
    "printable_area": [
        "0x0",
        "256x0",
        "256x256",
        "0x256"
    ],
    "printable_height": "256",
    "printer_model": "Generic Klipper Printer",
    "printer_notes": "",
    "printer_settings_id": "SK1 Klipper 0.4 nozzle",
    "printer_structure": "undefine",
    "printer_technology": "FFF",
    "printer_variant": "0.4",
    "printhost_authorization_type": "key",
    "printhost_ssl_ignore_revoke": "0",
    "printing_by_object_gcode": "",
    "purge_in_prime_tower": "1",
    "retract_before_wipe": [
        "70%"
    ],
    "retract_length_toolchange": [
        "2"
    ],
    "retract_lift_above": [
        "0"
    ],
    "retract_lift_below": [
        "0"
    ],
    "retract_lift_enforce": [
        "All Surfaces"
    ],
    "retract_restart_extra": [
        "0"
    ],
    "retract_restart_extra_toolchange": [
        "0"
    ],
    "retract_when_changing_layer": [
        "1"
    ],
    "retraction_distances_when_cut": [
        "18"
    ],
    "retraction_length": [
        "2"
    ],
    "retraction_minimum_travel": [
        "1"
    ],
    "retraction_speed": [
        "60"
    ],
    "scan_first_layer": "0",
    "silent_mode": "0",
    "single_extruder_multi_material": "1",
    "support_air_filtration": "1",
    "support_chamber_temp_control": "1",
    "support_multi_bed_types": "0",
    "template_custom_gcode": "",
    "thumbnails": "300x300/PNG",
    "thumbnails_format": "PNG",
    "time_cost": "0",
    "time_lapse_gcode": "",
    "upward_compatible_machine": [],
    "use_firmware_retraction": "0",
    "use_relative_e_distances": "1",
    "version": "1.9.0.2",
    "wipe": [
        "1"
    ],
    "wipe_distance": [
        "1"
    ],
    "z_hop": [
        "0"
    ],
    "z_hop_types": [
        "Normal Lift"
    ],
    "z_offset": "0"
}
